audit_id,function,concept,owner,laser_path,gamepad_path,test_id,status,evidence
SY-B1,Select the Steam frame,control-center,C3b,click,"View → bar, Left/Right, A",,open,
SY-B2,"Steam tab menu: Home, Library, Store, Friends & Chat, Media, Downloads, Console, Steam Settings, VR Settings, Power",control-center,C3b,"hover 200 ms, click","bar focus on Home, D-pad Up (as today; unverified in SY)",,open,
SY-B3,Switch to an app or desktop-window frame; its tab menu (Close),control-center,C3b,click; hover for the menu,Left/Right + A; Up for the menu,,open,
CC-B3b,Same switch from Control Center,control-center,C3b,click,"Pad to CC, D-pad to it, A",,open,
SY-B4,"+ list: open it, launch a program, add a desktop window, toggle Liquid Glass, close it (LA P1–P5)",control-center,C3b,click,"Left/Right to +, A; Up/Down + A in the list; B",,open,
SY-B5,"Playspace Menu: Playspace Setup, Adjust Floor Height, Recenter",control-center,C3b,click,"bar: Left/Right + A, then Up/Down + A; CC: D-pad + A",,open,
SY-B6,Toggle Room View,control-center,C3b,click,bar: A; CC: Left/Right + A on the segment,,open,
SY-B7,"Streaming Status: Select game to stream, hosts, Advanced › Stream VR Without Game, conditional host states",control-center,C3b,click,bar: A; CC: D-pad + A,,open,
SY-B8,Quick Access,control-center,C3b,click,A on the pill; ≡ on the pill,,open,
SY-B9,Read time and status,control-center,C3b,look,look,,open,
SY-B10,Account page,control-center,C3b,click,Left/Right + A,,open,
SY-B11,Tooltips,control-center,C3b,hover,focus,,open,
SY-B12,"Conditional: Downloads progress, Family View / Kiosk lock, unformatted SD, low disk space (+ boot-reserve dialog), Steam connection warning, voice chat status",control-center,C3b,click,Left/Right + A,,open,
CC-B13,"Popups close: outside press, B, 2 s after leaving, another popup opening",control-center,C3b,—,—,,open,
CC-B14,Focus the bar from anywhere,control-center,C3b,—,View,,open,
CC-R3,Identify a running item,control-center,C3b,hover,focus,,open,
CC-Q0,"Switch tab (Notifications, Quick Settings, Performance, Battery Info, Help, + Streaming)",control-center,C3b,click,More: Up/Down + A; QA: Left/Right + A,,open,
CC-Q1,Close,control-center,C3b,click,B,,open,
CC-QN1,"Read notifications: pinned cards, unread rows",control-center,C3b,click capsule,D-pad + A,,open,
CC-QN2,Open a notification's target,control-center,C3b,click,A,,open,
CC-QS1,Brightness slider,control-center,C3b,drag / click on track,"Up/Down to it, Left/Right",,open,
CC-QS2,Environment Brightness slider,control-center,C3b,as above,as above,,open,
CC-QS3,Volume + mute,control-center,C3b,drag; click the glyph,Left/Right; X = mute,,open,
CC-QS4,Microphone Volume + mute,control-center,C3b,as above,as above,,open,
CC-QS5,Wi-Fi toggle,control-center,C3b,click,A,,open,
CC-QS6,Current network row (opens settings / connects),control-center,C3b,click,"More: Right into content, Down, A",,open,
CC-QS7,Bluetooth toggle,control-center,C3b,click,A,,open,
CC-QS8,"Bluetooth device rows (6; 5 disabled, stay visibly disabled)",control-center,C3b,click,D-pad + A,,open,
CC-QS9,Add Device,control-center,C3b,click,D-pad + A,,open,
CC-QS10,Airplane mode,control-center,C3b,click,A,,open,
CC-QP1,System Profile (2 notches),control-center,C3b,drag,Left/Right,,open,
CC-QP2,Basic View,control-center,C3b,click,A,,open,
CC-QP3,Manual GPU Clock,control-center,C3b,click,A,,open,
CC-QP11,Refresh Rate (notched slider),control-center,C3b,"click row, drag","A, Left/Right",,open,
CC-QP12,Motion Smoothing,control-center,C3b,click,A,,open,
CC-QP13,Reset to Default,control-center,C3b,click,A,,open,
CC-QB1,Battery Info: headset row (clickable),control-center,C3b,click,A,,open,
CC-QB2,Controller battery rows,control-center,C3b,look,look,,open,
CC-P0,Open the Power menu,control-center,C3b,click,"tab bar: D-pad Left / B at root, then A; CC: Pad to CC, Up/Left to Power, A",,open,
CC-P8,Cancel,control-center,C3b,click; outside press,B,,open,
CC-P9,Confirm / cancel each action,control-center,C3b,click; outside = cancel,Left/Right + A; B,,open,
CC-V1,See the level after a hardware volume press,control-center,C3b,look,look,,open,
CC-V2,Drag while it shows (Steam accepts it; the popup is non-interactive),control-center,C3b,drag,—,,open,
CC-V3,Change volume otherwise,control-center,C3b,drag,Left/Right,,open,
SY-S1,Headset battery in the bar,control-center,C3b,look,look,,open,
SY-S2,Controller batteries in the bar,control-center,C3b,look,look,,open,
SY-S3,Volume glyph,control-center,C3b,look,look,,open,
SY-S4,Wi-Fi glyph,control-center,C3b,look,look,,open,
SY-S5,Steam connection warning,control-center,C3b,look,look,,open,
SY-S6,Unformatted SD,control-center,C3b,look,look,,open,
SY-S7,Unread notifications,control-center,C3b,look,look,,open,
SY-S8,Battery Percentage setting,control-center,C3b,click,A,,open,
SY-S9,Battery details,control-center,C3b,click,A,,open,
SY-S10,Low-battery banner,control-center,C3b,look,look,,open,
SY-S11,Low-battery toast,control-center,C3b,look,—,,open,
SY-S12,Controller status texture,control-center,C3b,look,look,,open,
SY-S13,Clock,control-center,C3b,look,look,,open,
SY-NO1,See that something is unread,control-center,C3b,look,look,,open,
SY-NO2,Read the list,control-center,C3b,click capsule / row / tab,CC: D-pad + A; QA: Left/Right + A,,open,
SY-NO3,Act on a notification,control-center,C3b,click,A,,open,
SY-NO4,"Read a toast as it arrives (+ hover, click as Steam)",control-center,C3b,look / hover / click,— (as today),,open,
SY-NO5,SteamVR's own toasts,control-center,C3b,look,—,,open,
SY-NO6,Configure,control-center,C3b,click,Steam: A; SteamVR: — (as today),,open,
SY-S1,Choose a settings page,controls,"C6a (page), C4a (row look)",click the row,Up/Down (selection follows focus),"SET T-PAD, T-SEL; C6",open,
SY-S2,Enter a page,controls,C6a,click any control,Right,SET T-PAD,open,
SY-S3,Move between rows,controls,C4a,point (the row under the laser lights),Up/Down,"C6, C6b; G-PAD",open,
SY-S4,Return to the sidebar,controls,C6a,click it,"Left, or B",SET T-PAD,open,
SY-S5,Operate a toggle,controls,C4a,click the switch or its extender,A on the switch,"C2, C27 (zoo)",open,
SY-S6,Choose a dropdown value,controls,"C4a (pop-up), C1c (menu), C6a (list page)","click the button, a row, Cancel or outside","A, Up/Down + A, B","C1c AT-11, AT-11b; SET T-MENU",open,
SY-S7,Adjust a slider,controls,C4a,"drag anywhere on the capsule, including over an inert glyph","focus, Left/Right; B Done","C2, C22",open,
SY-S8,Press a button,controls,C4a,click,A,"C3, C7",open,
SY-S9,Edit text,controls,"C4a (field), C4b (keyboard)",click,A,"C3, C10",open,
SY-S10,Segmented choice,controls,C4a,click a segment,Left/Right + A (FocusRing plate),"C4 (E-SEG), C6",open,
SY-S11,Checkbox,controls,C4a,click,D-pad across columns + A,"C4 (E-CHECK), C6",open,
SY-S12,Explainer (Y),controls,C1a,click the button,Y,"WN AT-24, PLAN-1a-1",partial,C1a: PLAN-1a-1
SY-S13,Storage item actions (X / Y),controls,"C1a, C6a",click,X / Y,PLAN-1a-1; SET T-ACC,partial,C1a: PLAN-1a-1
SY-S14,Scroll a long page,controls,C6a,wheel / drag,focus moves scroll,G-PAD,open,
SY-S15,Leave settings,controls,C1a,click,B,"E-BACK (WN AT-3, AT-4, AT-5)",partial,C1a: AT-3 + AT-27; C1a: AT-5
CTL-SP1,Sidebar row,controls,"C4a (look), C6a",click,Up/Down,C6,open,
CTL-SP2,"Field row (label, description)",controls,C4a,—,lit via .gpfocuswithin (C-D14),C6,open,
CTL-SP3,Toggle,controls,C4a,click,A,C2,open,
CTL-SP4,Dropdown button,controls,C4a,click,A,C6,open,
CTL-SP5,Dropdown menu,controls,"C1c, C6a",click a row,"Up/Down, A, B",C1c AT-11b; SET T-MENU,open,
CTL-SP6,Button,controls,C4a,click,A,C3,open,
CTL-SP7,"Slider (incl. notched, default tick)",controls,C4a,drag / click a notch,Left/Right,C23,open,
CTL-SP8,Text input,controls,"C4a, C4b",click → keyboard,A → keyboard,C3,open,
CTL-SP9,Segmented,controls,C4a,click,Left/Right + A,C4,open,
CTL-SP10,Checkbox,controls,C4a,click,D-pad + A,C4,open,
CTL-SP11,Radio card (Game Recording mode),controls,C4a,click,Up/Down + A,C3 (C6a's route audit),open,
CTL-SP12,Modal dialog buttons,controls,"C1c (alert), C4a (buttons)",click; outside = cancel,"Left/Right, A, B",C1c AT-13,open,
CTL-SP13,Read-only info row,controls,C4a,—,focusable as today,C4,open,
CTL-SP14,Slider value box (S>EditableValue),controls,C4a,click → keyboard,A,C4,open,
CTL-SP15,"Disabled controls (crash-report rows, Remote Play ""Connected"", disabled dialog Continue/Confirm, the disabled Feed column)",controls,"C4a (look), P4","none (inert, as today)",focus lands and shows; A does nothing (as today),C6 (disabled + focus),open,
CTL-SP16,Default-value marker on sliders,controls,C4a,look,look,C23,open,
CTL-SP17,Origin and color-range sliders,controls,C4a,drag,Left/Right,C23,open,
CTL-V1,Refresh-rate radio circles,controls,C6b,click,none today (the SteamVR page is laser-only; settings.md §4.9 adds a Steam-side path),C18; SET T-VR,open,
CTL-V2,"Sliders with the value on the knob (brightness, laser length, grab acceleration)",controls,C6b,drag,"— (laser only, unchanged)",C18,open,
CTL-V3,Off / On pills,controls,C6b,click,—,SET T-VR-SW,open,
CTL-V4,Dropdowns (a popover in the panel),controls,C6b,click,—,SET T-VR,open,
CTL-V5,"ALL-CAPS buttons, purple advanced fills",controls,C6b,click,—,C18 (type),open,
CTL-V6,Advanced Settings Hide / Show,controls,C6b,click,—,SET T-VR,open,
CTL-V7,"Keyboard Privacy (Dashboard, Advanced)",controls,C6b,click,—,SET T-VR-SW,open,
CTL-Q1,"Brightness, Environment Brightness, Volume, Microphone sliders",controls,"C3b (CC-C), C4a (values)",drag anywhere on the capsule,Left/Right,C22; CC tests,open,
CTL-Q2,"Mute (slider icon), where Steam renders %{ClickableSliderIcon}",controls,"C3b, C4a (T2 tag)",click the zone,as today (Steam's own focus order),C22,open,
CTL-Q3,"Wi-Fi, Bluetooth, Airplane, Manual GPU Clock, perf toggles, Motion Smoothing",controls,C3b,click,A,C4 (Quick Access),open,
CTL-Q4,"System Profile, Performance Overlay Level, Scaling Mode, Scaling Filter, Refresh Rate (notched)",controls,"C3b, C4a (values)",drag / click,Left/Right,C23; C4,open,
CTL-Q5,"Network row, Bluetooth device rows (disabled ones stay disabled, with focus visible), Add Device, Battery rows",controls,C3b,click,A,C4,open,
CTL-Q6,"Basic View, Reset to Default, Help buttons",controls,C3b,click,A,C4,open,
CTL-Q7,Quick Access tabs,controls,C3b,click,"LB/RB, D-pad",CC tests,open,
SY-B11,Bar tooltips (names of every bar button),controls,"C3a (look), P3 (delay)",hover,focus,C9; P3 IN-7,open,
SN-H2,Start a search,controls,"C1a (field place), C1b (search)",click,"Up to the header, focus → keyboard on activation",WN AT-9a,open,
SN-H3,Type / edit the query,controls,C4b,click keys,"D-pad + A; X delete, Y space, RT enter","C11, C12",open,
SN-H4,Clear the query,controls,C4a,click,Backspace / X on the keyboard,C4,open,
SN-F1,"Footer legend actions (X Filter, Y Sort, ≡ Options, A, B)",controls,C1a,click,the physical button,PLAN-1a-1; WN AT-24,partial,C1a: PLAN-1a-1
SN-M1,Confirm / cancel a dialog,controls,"C1c (alert), C4a (buttons)",click; outside = cancel,"Left/Right, A, B",C1c AT-13; C28,open,
SN-M3,Text prompt,controls,"C1c, C4a",click,A → keyboard,C1c AT-13,open,
SN-C1,Choose a menu item,controls,C1c,click,D-pad + A,C1c AT-11b,open,
SN-C2,Open a submenu,controls,C1c,click,A or Right,C1c AT-11b,open,
SN-C3,Toggle a checked item,controls,C1c,click,A,C1c AT-8c,open,
SN-C4,Dismiss,controls,C1c,click,B,"C1c AT-11, C1c-3",open,
SN-C5,Scroll a long menu,controls,"C1c, C6a",wheel / drag,D-pad,C1c AT-11b,open,
SN-W3,Show / hide the keyboard (frame control),controls,C1a,click,"Down into the frame controls, A",WN AT-17,open,
SN-W7,Frame-control tooltips,controls,C1a,hover,focus,WN AT-17,open,
SN-W8,"""Enter Gamepad Mode"" / ""Use Laser Mouse"" pill",controls,C1a,click (enter variant),—,WN AT-17,open,
SM-K1,Raise the keyboard,controls,C4b,click a field,A on a field,C10,open,
SM-K2,Type a character,controls,C4b,point + click,D-pad + A,C10,open,
SM-K3,"Shift (one-shot), Caps lock",controls,C4b,key,key; LT = shift,C10,open,
SM-K4,Accents,controls,C4b,press and hold,"hold A, D-pad, A",C10,open,
SM-K5,Emoji / Steam Chat Items layout,controls,C4b,key,key; LB/RB categories,C11c,open,
SM-K6,Move the caret,controls,C4b,keys,keys,C10,open,
SM-K7,"Delete, Enter, Tab",controls,C4b,keys,"keys; X delete, RT enter",C12,open,
SM-K8,Close the keyboard,controls,C4b,key,"key, or B",C10,open,
SM-K9,"IME candidates, dead keys",controls,C4b,keys,keys; LB/RB candidates,C11c,open,
SM-K10,"Buffered text (apps, overlays)",controls,C4b,look,look,C11c,open,
CTL-K11,See what is typed and where (new),controls,C4b,look,look,C11,open,
CTL-K11s,Type a secret without exposing it (new rule),controls,C4b,look,look,C11b,open,
CTL-K12,Space,controls,C4b,key,Y,C10,open,
CTL-K13,Move the keyboard,controls,C4b (unchanged),—,≡ (Steam's RotateWindowPosition),C10 (static: Steam's handler),open,
CTL-K14,Quick-chat radial menu,controls,C4b (unchanged),—,View,C10 (static),open,
CTL-K15,Trackpad typing,controls,C4b,—,trackpads,C11,open,
CTL-TF1,Header search field,controls,"C4a (look), C1a (place)",click,focus + A,C3,open,
CTL-TF2,"Chat compose (chatTextarea), focus visible (new)",controls,"C7 (place), C4a (look)",click,focus + A,SM chat tests,open,
CTL-TF3,Friend code,controls,"C7, C4b",click,A,"C11, C12",open,
CTL-TF4,"Media ""Search games…"" (in a menu)",controls,"C7, C1c",click,A,SM media tests,open,
CTL-TF5,Achievements search,controls,C5a,click,A,GP AT-AUDIT,open,
CTL-TF6,"Password / PIN fields (Developer Change User Password, Remote Play PIN, Wi-Fi password)",controls,"C4a (field), C4b (echo)",click,A,C11b,open,
GP-T1,Switch game-page tab,controls,C5a,click a segment,"Left/Right (focus selects), LB/RB",GP AT-NAV,open,
CTL-F1,Compatibility filter (4 radio rows),controls,C2c,click,Up/Down + A,PLAN-2c-2; HA AT-15,open,
CTL-F2,"47 checkbox rows, Gamepad Support and Language dropdowns",controls,"C2c, C1c",click,Up/Down + A,PLAN-2c-2,open,
CTL-F3,Store tags / Friends text search,controls,C2c,click → keyboard,A → keyboard,PLAN-2c-2,open,
CTL-F6,Close,controls,C1c,click,B,C1c AT-13,open,
GP-G1,"See the art, logo, ""VR required"" badge",game-pages,C5a,Passive,Passive,,open,
GP-G2,Go back,game-pages,C5a,Click,B,,open,
GP-P1,[x] Play / Install / Update / Stream / Resume,game-pages,C5a,Click,Default focus + A,,static,
GP-P2,Play from (choose target),game-pages,C5a,Click (tooltip after 0.8 s),"Right from Play (tooltip at once), A",,open,
GP-P3,[x] Stop / force stop (running),game-pages,C5a,Click,"Right from Resume, A",,static,
GP-P4,See launching progress,game-pages,C5a,Read,Read,,open,
GP-P5,Read Last Played / Play Time / Space Required,game-pages,C5a,Read; hover,"Read (not D-pad focusable, as today)",,open,
GP-P6,Configure Controller,game-pages,C5a,Click,"Right ×2 (×1 without Play-from), A",,open,
GP-P7,Open the Manage menu,game-pages,C5a,Click,"Right ×4 (×3 without Controller Bindings), A",,open,
GP-P8,See that the game is private,game-pages,C5a,Passive,Passive,,open,
GP-P9,See Steam Cloud status,game-pages,C5a,Read (click as today),As today,,open,
GP-M1,"[x] Choose an item or open a submenu: Add to Favorites; Add to › (collections, New collection…); Manage › (Hide this game, Mark/Unmark as Private, Uninstall, Re",game-pages,C5a,Click a row,D-pad + A; Right or A opens a submenu; Left closes it,,static,
GP-M2,Dismiss,game-pages,C5a,Click Cancel or outside,B,,open,
GPC-PF1,"[x] Choose ""This Steam Frame"" or ""Stream from: <PC>""",game-pages,C5a,Click,D-pad + A,,static,
GPC-PF2,Dismiss,game-pages,C5a,Click,B,,open,
GP-T1,Switch tab,game-pages,C5a,Click a segment or an arrow half,"Down from Play, then Left/Right (focus selects); LB/RB as today (GQ4)",,open,
GP-T2,See the compatibility verdict at a glance,game-pages,C5a,Passive,Passive,,open,
GP-T3,Scroll the content,game-pages,C5a,Wheel / thumbstick,D-pad moves focus; Steam scrolls,,open,
GP-AC1,[x] Post to friends,game-pages,C5a,Click the field → keyboard; click Post,Focus + A → keyboard; Right to Post,,static,
GP-AC2,Open an event,game-pages,C5a,Click,Focus + A,,open,
GP-AC3,Event menu,game-pages,C5a,"""⋯"" or the ornament legend",≡,,open,
GP-AC4,[x] Like / comment,game-pages,C5a,Click (shown under laser focus),Focus the bar + A,,static,
GP-AC5,Open a friend who plays,game-pages,C5a,Click,Focus + A,,open,
GP-YS1,See achievement progress; open the achievements page,game-pages,C5a,Click,Carousel Left/Right + A,,open,
GP-YS2,Workshop links; [x] hide the featured item,game-pages,C5a,Click,Focus + A,,static,
GP-YS3,See the trading-card badge and cards,game-pages,C5a,Click,Focus + A,,open,
GP-YS4,"Open a DLC tile, ""+ N More""",game-pages,C5a,Click,Focus + A,,open,
GP-YS5,Go to my media library,game-pages,C5a,Click,Focus + A,,open,
GP-YS6,View all my reviews,game-pages,C5a,Click,Focus + A,,open,
GP-YS7,[x] New note,game-pages,C5a,Click,Focus + A,,static,
GP-CM1,"Open a guide, artwork or video",game-pages,C5a,Click,Grid D-pad + A,,open,
GP-CM2,Item menu,game-pages,C5a,Click,≡ on the focused item,,open,
GP-CM3,Load more,game-pages,C5a,Scroll,Move focus down,,open,
GP-GI1,"Read description, developer, publisher, release",game-pages,C5a,Read,Read,,open,
GP-GI2,Feature rows,game-pages,C5a,Hover,Focus,,open,
GP-GI3,Compat Details,game-pages,C5a,Click,Focus + A; B,,open,
GP-GI4,"Quick links (Store Page, DLC, Community Hub, Discussions, Guides, Support)",game-pages,C5a,Click,Focus + A,,open,
GP-GI5,Open a collection,game-pages,C5a,Click,Focus + A,,open,
GP-AP1,My / Global,game-pages,C5a,Click,Tab strip Left/Right,,open,
GP-AP2,Search achievements,game-pages,C5a,Click → keyboard,Focus + A,,open,
GP-AP3,Leaderboards,game-pages,C5a,Click,Focus + A,,open,
GP-AP4,Read the stats block,game-pages,C5a,Read,Focus,,open,
GP-AP5,Read rows; open global rows,game-pages,C5a,Click (global),Focus + A,,open,
GP-AP6,Compare with a friend,game-pages,C5a,Route,— (as today),,open,
GP-PR1,Switch page,game-pages,C5a,Click,Up/Down (focus opens the page),,open,
GP-PR2,"[x] Change a field (toggles, dropdowns, inputs, checkboxes, Betas radio rows, Verify, Move, Browse…, Check Code, Unsubscribe)",game-pages,C5a,Click,Focus + A (Left/Right on sliders),,static,
GP-PR3,"Read info rows (Build ID, disk size, Steam Input status)",game-pages,C5a,Read,Focus,,open,
GP-PR4,Leave,game-pages,C5a,Click,B,,open,
GP-CC1,Configure the Steam Input layout,game-pages,C5a,Click,"Right ×2, A",,open,
GP-NP1,[x] Resume Game / Return to Home,game-pages,C5a,Click,"First in the list, A; B anywhere",,static,
GP-NP2,"[x] VR Controller Bindings → sheet (controller, binding, Edit / Choose another, dominant hand, callouts)",game-pages,C5a,Click,"Down, A; inside: laser only, B closes",,static,
GP-NP3,[x] VR Video Settings → sheet,game-pages,C5a,Click,"Down, A; inside: laser only, B closes",,static,
GP-NP4,[x] Clear Performance Assessment Status (developer setting),game-pages,C5a,Click,"Down, A",,static,
GP-NP5,[x] Exit Game / Exit Home,game-pages,C5a,Click,"Down, A",,static,
GP-NP6,"Frame controls: Float in World, View in Theater, More Options, [x] Close",game-pages,C5a,Click,As WN,,static,
GP-B1,Back,game-pages,C5a,Click,— (none today),,open,
GP-B2,Choose an application; Show More Applications,game-pages,C5a,Click,—,,open,
GP-B3,[x] Edit the current binding,game-pages,C5a,Click,—,,static,
GP-B4,[x] Choose the controller type,game-pages,C5a,Click,—,,static,
GP-B5,View; [x] Activate; [x] Delete (own),game-pages,C5a,Click,—,,static,
GP-B6,[x] Create New Binding,game-pages,C5a,Click,—,,static,
GP-B7,"Browse a binding: action-set tabs (warning/error counts), Poses / Haptics, left/right columns",game-pages,C5a,Click,—,,open,
GP-B8,[x] Select / Edit this Binding; Show Developer Output; [x] Export; [x] Replace Default,game-pages,C5a,Click,—,,static,
GP-B9,Options menu,game-pages,C5a,Click,—,,open,
GP-B10,"[x] Edit mode (Save Personal Binding, per-input editors)",game-pages,C5a,Click,—,,static,
GP-R1,[x] Resume,game-pages,C5a,Click,Default focus + A,,static,
GP-R2,[x] Stop / force stop,game-pages,C5a,Click,"Right, A",,static,
GP-R3,"Running game's frame menu (Controller settings, Game details, Achievements, Guides, Notes, Game Recording, Switch Windows)",game-pages,C5a,Click,As WN,,open,
GP-R4,Overlay routes /app/:appid/overlay[/…],game-pages,C5a,As today,As today,,open,
LA-H1,"See recent games (MRU, 20)",home-apps,C2a,Look; dwell on a disc shows the card,D-pad; focus shows the card,"AT-1, AT-8",open,
LA-H2,Open a game's page,home-apps,C2a,"Click the disc, or the card outside Play and More",A,AT-4,open,
LA-H3,"Game tile menu (Play/Install, Favorites, Add to, Manage, Properties)",home-apps,C2a,"Dwell 0.8 s, click More (new: no laser path today)",≡ on a cell,"AT-4, AT-8(f)",open,
LA-H4,"Go to the library (""View more in your Library"")",home-apps,C2a,"Click the folder, or the tab bar's Library","D-pad to All Games + A; or Left at page 1's edge into the tab bar, then Library + A","AT-4, AT-3(g)",open,
LA-H5,Switch feed: What's New / Friends / Recommended,home-apps,C2a,"Click What's New, then Steam's segments","Up to the top row, Right to What's New, A; then Steam's LB/RB and D-pad","AT-3(i), AT-6",open,
LA-H6,"What's New cards (sale, recently updated, trending, offers)",home-apps,C2a (look; Steam's handlers),Click,Focus + A,AT-6,open,
LA-H7,"Friends feed (playing now, activity, comment/like/rate)",home-apps,C2a (look),Click,Focus + A,AT-6,open,
LA-H8,"Recommended (calendar, queue, play next, new releases, top sellers)",home-apps,C2a (look),Click,Focus + A,AT-6,open,
LA-H9,Background art of the focused game,home-apps,C2a,Passive,Passive,AT-1,open,
LA-L1,"Switch tab (All Games, Great On Frame, Ready To Play, Collections, Non-Steam, Soundtracks, conditional tabs)",home-apps,C2c,Click a segment or a ‹ › circle,LB / RB; or Up to the row + Left/Right,"AT-6, G-PAD",open,
LA-L2,VR sub-filter All / VR / Non-VR (Ready To Play: All / Standalone / Remote PC),home-apps,C2c,Click a segment,Up from the grid + Left/Right + A (stock),"AT-6, G-PAD",open,
LA-L3,Browse the grid,home-apps,C2c,Wheel/drag scroll; an 80 ms dwell lifts,D-pad; Steam scrolls focus into view (guard 124–612),"G-PAD, AT-14(b)",open,
LA-L4,Fast scroll by letter,home-apps,C2c,Click/drag the scrubber (new),Steam's fast-scroll; the scrubber shows the position (passive),AT-14(c),open,
LA-L5,Open a game,home-apps,C2c,Click,A,AT-6,open,
LA-L6,"Sort (10 options, persisted)",home-apps,C2c,Click slot 1 (Steam's laser-mode Sort button),Y,"AT-6 (Sort snippet), AT-14(d), AT-14(f)",open,
LA-L7,Filter,home-apps,C2c,Click slot 2 (Steam's laser-mode Filter button),X,AT-15,open,
LA-L8,Tile menu,home-apps,"C2c (registers), C1a (helper)",Click the More circle (new direct path) or slot 3 (frozen target),≡,"AT-14(a), AT-14(d)",open,
LA-L9,"""N apps hidden due to filter"" (the button variant clears)",home-apps,C2c,Click,Focus + A,AT-6,open,
LA-L10,Back,home-apps,C1a,Click,B,WN AT (E-BACK),open,
LA-T1,Primary action Play / Install / Launch / Download / Update,home-apps,"C2a (card, X), C2c (menu source), C1c (menu look), C1b (search X)",Click,≡ → A; X on a Home cell or a search item,"AT-4 (identity against Steam's tile-menu Play), AT-13",open,
LA-T2,Add to / Remove from Favorites,home-apps,C1c,Click,Menu + A,AT-6 (capsule menu snippet),open,
LA-T3,"Add to › (collections, New collection…)",home-apps,C1c,Click,Right / A,AT-6,open,
LA-T4,Manage ›,home-apps,C1c,Click,Right / A,AT-6,open,
LA-T5,Developer ›,home-apps,C1c,Click,Right / A,AT-6,open,
LA-T6,Properties…,home-apps,C1c,Click,A,AT-6,open,
LA-T7,Cancel,home-apps,C1c,Click,B,"AT-6, G-PAD",open,
LA-T8,"Status on the tile (compatibility, download progress, update, friends playing, coming soon, locked, copies, missing-art title)",home-apps,"C2c (library), C2a (Home)",Look,Look,"AT-1, AT-6",open,
LA-F1,"Frame compatibility level (4, persisted)",home-apps,C2c,"Click the pop-up, then an option [T3]; click a row [T1]","A, then D-pad + A [T3]; Up/Down + A [T1]",AT-15,open,
LA-F2,47 checkboxes in 11 sections + the Gamepad Support and Language dropdowns,home-apps,C2c,Click,D-pad + A,AT-15,open,
LA-F3,Store tags / Friends text search,home-apps,C2c,Click → keyboard,Focus + A → keyboard,AT-15,open,
LA-F4,Reset,home-apps,C2c,Click,D-pad Up to the header + A [T3]; D-pad + A [T1],AT-15,open,
LA-F5,Save as Dynamic Collection,home-apps,C2c,Click,D-pad + A,AT-15,open,
LA-F6,Close,home-apps,C1c (frame),Click,B,"AT-15, G-PAD",open,
LA-C1,Browse collections,home-apps,"C2a (Home), C2c (tab)",Click,D-pad + A,"AT-1, AT-6",open,
LA-C2,Open a collection,home-apps,"C2a (Home), C2c (tab)",Click,A,"AT-4, AT-6",open,
LA-C3,Back to all collections,home-apps,"C2a (folder), C1a (Back)",Click Back,B,AT-3,open,
LA-C4,Create / edit collections,home-apps,"C1c, C2c",Click,Menu / sheet,"AT-6, AT-15",open,
LA-N1,Browse and open Steam shortcuts,home-apps,"C2c (tab), C2a (Home)",Click,D-pad + A,"AT-6, AT-4",open,
LA-N2,"First-run ""Add Chrome"" dialog and Learn More (empty tab only)",home-apps,C2c,Click,Focus + A,Static: Steam's node restyled only (not reachable here: the tab is not empty),open,
LA-N3,Soundtracks,home-apps,"C2c (tab), C2a (Home)",Click,D-pad + A,"AT-6, AT-1",open,
SN-H2,Start a search,home-apps,"C1a (field), C1b (sheet)",Click the circle or the field,"Up from a page's top row (Home: Up twice, via the section row)",WN AT-9a/b,open,
SN-H3,Type / edit the query,home-apps,"C4b, C1b",Click keys,D-pad + A on keys,WN AT-10,open,
SN-H4,Clear the query,home-apps,C1a,Click,Backspace on the keyboard,WN AT-9,open,
LA-S1,"Switch result category (All, Library, Friends, Store, Tools, Hidden)",home-apps,C1b,Click,LB / RB; Up to the row,WN AT-9c,open,
LA-S2,Open a result,home-apps,"C1b, C2a (provider)",Click,D-pad + A; X = Play on library items (S-C),"WN AT-9, AT-13",open,
LA-S3,"""View more in the Store""",home-apps,C1b,Click,Focus + A,WN AT-9,open,
LA-S4,No results,home-apps,C1b,Look,Look,WN AT-9,open,
LA-P1,Open the list,home-apps,"C3a (button), C2b (popup)",Click +,"View → bar, Left/Right to +, A",AT-12,open,
LA-P2,"Launch a program (24 rows, 23 programs + the switch)",home-apps,"C2b, C2a (Apps, search)",Click a cell,D-pad + A,"AT-12, AT-4, AT-13",open,
LA-P3,Toggle Liquid Glass,home-apps,C2b,Click,D-pad + A (never default focus in T3),"AT-5, PLAN-2b-3",open,
LA-P4,Add a desktop window to VR,home-apps,"C2b, C2a (Windows)",Click,D-pad + A,"AT-12, AT-4",open,
LA-P5,Close the list,home-apps,"C2b (Steam's, unchanged)",Click elsewhere,B,AT-12,open,
LA-R1,Switch the dashboard to a frame,home-apps,"C3a (bar), C2a (card)",Click,View → bar + A,AT-4,open,
LA-R2,Tab menu of a frame (incl. Close),home-apps,C3a,Hover the tab,"Focus the tab, Up",CC A-tests,open,
LA-R3,Identify a running item,home-apps,"C3a, C2a",Hover,Focus,AT-1,open,
LA-R4,"""Current Game"" on Home",home-apps,C2a,Look,Look,AT-1,open,
SN-H1,"Go back (history) on Home, folders and What's New",home-apps,C1a,Click Back,"B (folders, What's New); at the Home root B opens the tab bar (SN-N3)","WN AT (E-BACK), AT-3",open,
SN-N2,Open the tab bar from a page's left edge,home-apps,"C1a, C2a",Click a tab bar item,D-pad Left at page 1's left edge,AT-3(g),open,
SN-N3,Open the tab bar with B at the root,home-apps,"C1a, C2a",—,B,AT-3(h),open,
SN-F1,"Footer legend actions (X Filter, Y Sort By, ≡ Options, A Select, B Back)",home-apps,"C1a (ornament), C2c (slots)","Click the slot: Steam's laser-mode Sort and Filter, the shell's Options member, Steam's Select and Back legends",The physical button,"AT-14(d), PLAN-1a-1, PLAN-2c-1",partial,C1a: PLAN-1a-1
SET-E1,Open Steam Settings from the VR main menu,settings,C6a,click,"Left at a page edge or B at the root, then Up/Down + A",,open,
SET-E2,Open Steam Settings from the bar's Steam tab menu,settings,C6a,hover + click,as today,,open,
SET-E3,"QAM rows that lead into settings (Wi-Fi network, Bluetooth Add Device)",settings,C6a,click,as today,,open,
SET-E4,Open SteamVR Settings from the VR main menu,settings,C6a,click,"Left/B, Up/Down, A",,open,
SET-E5,Open SteamVR Settings from the Steam tab menu,settings,C6a,hover + click,as today,,open,
SET-E6,Open SteamVR Settings from Steam Settings,settings,C6a,click,D-pad + A,,open,
SET-E7,Leave Steam Settings,settings,C6a,click,B from the sidebar,,open,
SET-E8,Leave SteamVR Settings,settings,C6a,click,D-pad Left → tab bar → Up/Down + A (§4.12),,open,
SET-E9,Turn the laser on from SteamVR's page,settings,C6a,—,A (SteamVR's ForceActivateLaserMouse),,open,
SY-S1,Choose a page,settings,C6a,click,Up/Down (selection follows focus),,open,
SY-S2,Enter the page,settings,C6a,click any control,Right,,open,
SY-S3,Move between rows,settings,C6a,point,Up/Down,,open,
SY-S4,Return to the sidebar,settings,C6a,click,"Left, or B at a root view",,open,
SY-S5,Operate a switch,settings,C6a,click,A,,open,
SY-S6,Choose a dropdown value,settings,C6a,"click, click","A, Up/Down, A; B cancels",,open,
SY-S7,Adjust a slider,settings,C6a,"drag, or click on the track","Left/Right (ornament ""Done (B)"")",,open,
SY-S8,Press a button,settings,C6a,click,A,,open,
SY-S9,Edit text,settings,C6a,click,A,,open,
SY-S10,Segmented choice,settings,C6a,click,Left/Right + A,,open,
SY-S11,Checkbox,settings,C6a,click,D-pad + A,,open,
SY-S12,Explainer (Display),settings,C6a,click,Y,,open,
SY-S13,Storage Uninstall / Move Content [x],settings,C6a,click,X / Y,,static,
SY-S14,Scroll a long page,settings,C6a,wheel / drag,focus moves the scroll,,open,
SY-S15,Leave Settings,settings,C6a,click,B,,open,
SET-S16,Open a group of settings,settings,C6a,click,A,,open,
SET-S17,Return from a group,settings,C6a,click,B (focus restored),,open,
SET-S18,Select (A) and Back (B) footer legends,settings,C6a,click the control / Back circle,A / B,,open,
SM-F1,Switch Favorites / Friends / Groups / Recent,social-media,C7,Click a segment (was 24×30),L1 / R1; or Up to the tab row + Left/Right + A (same),,open,
SM-F2,Add a Friend (→ /invites),social-media,C7,Click,Focus + A (same),,open,
SM-F3,Open pending invites,social-media,C7,Click,Focus + A,,open,
SM-F4,Create Group Chat,social-media,C7,Click,Focus + A,,open,
SM-F5,Collapse / expand a group,social-media,C7,Click the header,"A (""Collapse"")",,open,
SM-F6,View Game in Library (in-game group),social-media,C7,Click the legend button,Y,,open,
SM-F7,Sort Offline by recent,social-media,C7,Click,"Focus the header, Right/A on the revealed button (same)",,open,
SM-F8,Select a friend (open the chat),social-media,C7,Click the row,"D-pad onto the row (focus opens the chat, P1)",,open,
SM-F9,Write to the friend,social-media,C7,Click it,"A on the friend (""Send Message""), or Right into compose",,open,
SM-F10,"Friend menu (Send Message, Voice, View Profile, Find Games, Trading ›, Manage › Remove/Block, Cancel)",social-media,C7,"Click ""⋯"" (acts on its own row, the open chat unchanged) or the legend button (focused row)",≡,,open,
SM-F11,Quick message (radial),social-media,C7,— (the laser types instead; unchanged),Hold ≡ (same),,open,
SM-F12,Type and send,social-media,C7,"Keys + click Send, or Enter",Keyboard + A; Enter,,open,
SM-F13,Start a voice chat,social-media,C7,Click,Right from the history + A; Y in compose (same),,open,
SM-F14,Invite another friend to the chat,social-media,C7,Click,Right / focus + A,,open,
SM-F15,"Read history, load older",social-media,C7,Scroll,Focus the history + D-pad (same),,open,
SM-F16,Conversation header (%{ChatTab}),social-media,C7,Click,Focus + A,,open,
SM-F17,"Voice-call controls, group chats, Recent Chats rows, Favorites content",social-media,C7,Same,Same,,open,
SM-F18,Leave,social-media,C7,Click Back,B,,open,
SM-I1,Enter a friend code,social-media,C7,Click → keyboard,A → keyboard (same default focus),,open,
SM-I2,Send the invite,social-media,C7,Click,Right + A (same),,open,
SM-I3,Read your friend code,social-media,C7,— (text),"— (text, same)",,open,
SM-I4,"Accept / ignore / block incoming, cancel outgoing, mutual friends, friend menu",social-media,C7,Click the buttons; the legend items,"D-pad into the row, Left/Right, A (same); Y; ≡",,open,
SM-P1,View your community profile,social-media,C7,Click,Focus + A,,open,
SM-P2,Status (Online / Away / Invisible / Signed out),social-media,C7,Click → menu → click,"Focus + A, Up/Down, A",,open,
SM-P3,Do Not Disturb,social-media,C7,Click the toggle,Focus the row + A (same),,open,
SMC-P4,Add Funds (web),social-media,C7,Click,Left/Right in the tile row + A,,open,
SMC-P5,Privacy Settings (web),social-media,C7,Click,Same,,open,
SMC-P6,Account Details (web),social-media,C7,Click,Same,,open,
SM-P7,Friend code; Add Friends,social-media,C7,Click,Focus + A,,open,
SM-P8,Sign Out,social-media,C7,Click,Focus + A (never pressed in tests),,open,
SM-P9,Change Account,social-media,C7,Click,Focus + A,,open,
SM-N1,See a toast,social-media,C7,Passive (hover fill),— (same),,open,
SM-N2,Act on a toast,social-media,C7,"Click (unchanged, unverified)",—,,open,
SM-N3,See that unread notifications exist,social-media,C7,Same,Bar focus (View) + Left/Right (same),,open,
SM-N4,Read the notification list,social-media,C7,Same,Same,,open,
SM-N5,Open what a notification refers to,social-media,C7,Click,Focus + A,,open,
SM-N6,SteamVR's own toasts,social-media,C7,Passive,—,,open,
SM-M1,Browse captures,social-media,C7,Scroll,"D-pad (virtualized, same)",,open,
SM-M2,Open an item,social-media,C7,Click,A,,open,
SM-M3,Filter (All / Clips / Screenshots / Background Recordings),social-media,C7,"Click a segment, or the legend button",Y → modal (same),,open,
SM-M4,Select Game (with search),social-media,C7,Click either,X → menu (same),,open,
SM-M5,"Item Options (View, Share…, Show on disk, Delete)",social-media,C7,"Click ""⋯"" or the legend",≡,,open,
SM-M6,Multi-select,social-media,C7,Same as Steam (not reachable today),Same,,open,
SM-M7,Viewer: show/hide controls,social-media,C7,Click the legend button,Y,,open,
SM-M8,Viewer: previous / next,social-media,C7,Click,LB / RB (same),,open,
SM-M9,Viewer: Share → share sheet,social-media,C7,Click,D-pad + A (same),,open,
SM-M10,Viewer: Delete,social-media,C7,Click (deliberate: separated),Left from Share + A (same; never pressed in tests),,open,
SM-M11,Clip: play / pause,social-media,C7,Click,A (same),,open,
SM-M12,"Clip: ±10 s, frame step",social-media,C7,Click,D-pad + A,,open,
SM-M13,Clip: scrub,social-media,C7,Drag,LT / RT (badges at the track ends),,open,
SM-M14,"Clip: markers, view recordings",social-media,C7,Click (add marker never pressed in tests),D-pad + A,,open,
SM-M15,"Clip: Clip, Share",social-media,C7,Click,D-pad + A; ≡ = Share,,open,
SM-M16,Clip: Delete Clip,social-media,C7,Click the legend button,X (same; never pressed in tests),,open,
SM-M17,/media/list overview,social-media,C7,Route only (same),Route only (same),,open,
SM-D1,"Active download (art, progress, Pause/Resume, throttle)",social-media,C7,Click,Focus + A,,open,
SM-D2,Change Device,social-media,C7,Click either,Y; or focus the capsule + A,,open,
SM-D3,"Up Next: reorder, remove, play",social-media,C7,Drag / click,D-pad + A,,open,
SM-D4,Scheduled: Download Now,social-media,C7,Click,A on the row (same),,open,
SM-D5,Completed: Go To Game Page; Clear All,social-media,C7,Click,A; focus + A,,open,
SM-D6,"Item Options (Uninstall first, Remove from List, View in Library, Favorites, Add to ›, Manage ›, Developer ›, Properties…)",social-media,C7,"Click ""⋯"" or the legend",≡,,open,
SM-D7,Auto-update state and schedule times,social-media,C7,— (text),—,,open,
SMC-S1,Back (web),social-media,C7,Click,Focus + A; B (same),,open,
SMC-S2,Forward,social-media,C7,Click,Focus + A,,open,
SMC-S3,Reload,social-media,C7,Click,Focus + A,,open,
SM-S4,Security (lock),social-media,C7,— (status),—,,open,
SM-S5,URL (and the editable URLInput variant),social-media,C7,Click (editable variant),Focus + A (editable variant),,open,
SM-S6,Store menu,social-media,C7,Click the legend button,≡ (same),,open,
SM-S7,Add to Cart,social-media,C7,Click the legend button (never pressed in tests),Y (same),,open,
SM-S8,Use the page,social-media,C7,Click inside,The page's own gamepad mode (same),,open,
SM-AC1,"My / Global, search, leaderboards, rows",social-media,C7,—,—,,open,
SM-AC2,Compare with a friend,social-media,C7,Route only,Route only,,open,
SM-AC3,Achievement unlocked toast,social-media,C7,Passive,—,,open,
SM-AC4,In-game overlay achievements,social-media,C7,Same,Same,,open,
SMC-AP1,My / Global achievements,social-media,C7,Click a segment,Tab row + Left/Right (same handlers),,open,
SMC-AP2,Search achievements,social-media,C7,Click → keyboard,Focus + A,,open,
SMC-AP3,Leaderboards,social-media,C7,Click,Focus + A,,open,
SMC-AP4,Read the stats block,social-media,C7,— (text),Focusable block (same),,open,
SMC-AP5,Read rows (global rows are buttons),social-media,C7,Click (global),Focus + A,,open,
SMC-AP6,Compare with a friend,social-media,C7,Route only,—,,open,
SM-K1,Raise the keyboard,social-media,C7,Click a field,A on a field (not on focus arrival: same),,open,
SM-K2,Type a character,social-media,C7,Point + click,D-pad over keys + A,,open,
SM-K3,"Shift, Caps lock",social-media,C7,Click,Key + A,,open,
SM-K4,Accents,social-media,C7,Press and hold,Hold A,,open,
SM-K5,Emoji / Steam Chat Items,social-media,C7,Click,Key + A,,open,
SM-K6,Move the caret,social-media,C7,Click,Keys,,open,
SM-K7,"Delete, Enter, Tab",social-media,C7,Click,Keys,,open,
SM-K8,Close the keyboard,social-media,C7,Click,"Key, or B",,open,
SM-K9,"IME candidate rows, dead keys",social-media,C7,Click,Keys,,open,
SM-K10,Buffered preview row (apps),social-media,C7,—,—,,open,
SMC-H1,Go back (header),social-media,C7,Click,B (same),,open,
SMC-H6,Browser URL bar,social-media,C7,Click,Focus + A,,open,
SN-H1,Go back (history),window-nav,C1a,Click,"B (same); ""Back"" legend (quiet member)","AT-5, AT-3",pass,C1a: AT-5; C1a: AT-3 + AT-27
SN-H2,Start a search,window-nav,"C1a (field), C1b (trigger)",Click (DOM focus → the sheet),D-pad Up from a page's top row (same),"AT-9a, AT-9b",open,
SN-H3,Type / edit the query,window-nav,C4b,Click keys,D-pad + A (same),AT-10,open,
SN-H4,Clear the query,window-nav,"C1a (field), C1b",Click,Backspace on the keyboard (same),"AT-3, C1b-1",partial,C1a: AT-3 + AT-27
SN-H5,Title mode,window-nav,C1a,—,—,AT-3,pass,C1a: AT-3 + AT-27
SN-H6,Browser mode URL bar,window-nav,C1a,Click (same),Focus + A (same),AT-4 (on the first reachable Store web view),open,
SN-H7,Account / support alert,window-nav,C1a,Click (same),Focus + A (same),AT-4 (static: Steam's node and handler unchanged; only with active alerts),open,
SN-S1,"Switch result category (All, Library, Friends, Store, Tools, Hidden, with counts)",window-nav,C1b,Click a segment or ‹ ›,"LB / RB (same); or Up to the bar, Left / Right + A","AT-9d, AT-9e",open,
SN-S2,"Open a result (game → its page, friend → profile, store item → store page)",window-nav,C1b,Click,D-pad + A,"G-PAD, HA AT-13 (store cards are never activated in tests)",open,
SN-S3,"""View more in the Store"" (store search)",window-nav,C1b,"Click See All, then the tile",Focus + A,AT-9d (look only),open,
SN-S4,Leave search,window-nav,C1b,Click,B (same),AT-9c,open,
LA-S4,No results,window-nav,C1b,Look,Look,AT-9e,open,
WN-L8,A result's item menu (Steam's tile menu),window-nav,"C1a (helper), C1b (registration), C1c (menu)",Click,☰,WN AT-26 on /search,pass,C1a: AT-26
SN-N1,See the menu and the current section,window-nav,C1a,Look,Look,"AT-7, AT-8b, AT-20",partial,C1a: AT-8b = PLAN-1a-2
SN-N2,"Go to Home, Library, Store, Friends & Chat, Media, Downloads, Console, Steam Settings, Help (setup), VR Settings",window-nav,C1a,Click (same),D-pad Left at the page edge → Up/Down + A; Right/B back (same),"AT-8, AT-4 (audit frame.menu)",partial,C1a: AT-8
SN-N3,Open the menu from anywhere,window-nav,C1a,—,B at the window root (same),AT-8,pass,C1a: AT-8
SN-N4,Same items via the bar's Steam tab menu,window-nav,C3a,Hover (same),Bar focus (same),CC A3–A6,open,
SN-F1,"Perform the focused element's actions (X, Y, ☰, A, B)",window-nav,C1a,Click (same handler); Options acts on the frozen target,The physical button (same),"AT-6, AT-24, AT-25, PLAN-1a-1",partial,C1a: AT-6; C1a: AT-25 (a); C1a: PLAN-1a-1
WN-L6,"Sort (10 options), laser-mode pill",window-nav,"C1a (slot), C2c (library slots)",Click,"Y (legend ""Sort By"")",AT-24; PLAN-2c-1,open,
WN-L7,"Filter, laser-mode pill",window-nav,"C1a, C2c",Click,X,AT-24; PLAN-2c-1,open,
SM-D6,"Downloads item Options (Uninstall first, Remove, View in Library, Favorites, Add To ›, Manage ›, Developer ›, Properties)",window-nav,"C7 (registration), C1a, C1c",Click,☰,AT-26; SM F-DL,partial,C1a: AT-26
SY-S12,"Settings explainer (""Y for more info"")",window-nav,"C6a, C1a",Click,Y,AT-27; SET T-AUD,open,
SY-S13,"Storage row actions (Uninstall, Move Content)",window-nav,"C6a, C1a",Click,X / Y,AT-27; SET T-AUD,open,
SN-FF1,Learn Cycle View and Laser Mouse,window-nav,"C3a (look), C1a (content)",— (hint),The shown buttons (same),AT-4 (audit floatingfooter),open,
SN-M1,Confirm / cancel,window-nav,C1c,Click,Left/Right + A; B (same),AT-13 (Steam's handlers; never confirmed),open,
SN-M2,Single-button alert,window-nav,C1c,Click,A / B,AT-13 (ALERT),open,
SN-M3,Text prompt,window-nav,C1c,Click → keyboard,Focus + A → keyboard (tests never type),AT-13 (ZOO 'Text Prompt'),open,
SN-M4,Scroll a long dialog,window-nav,C1c,Wheel / drag,D-pad (same; the FocusRing as P4's light plate),AT-13 (ZOO 'Scroll Panel Test'),open,
SN-M5,Header and footer during a modal,window-nav,C1c (C1a chrome),Same,B to the dialog (same),AT-13,open,
SN-C1,Choose an item,window-nav,C1c,Click (the row under the laser lights; Steam's focus does not follow it),D-pad + A (geometric in the grid if Steam declares no layout),"AT-11b, AT-12, C1c-1",open,
SN-C2,Open a submenu,window-nav,C1c,Click,A or Right (same),AT-11b (SUBMENU),open,
SN-C3,Toggle a checked item,window-nav,C1c,Click,A,AT-8c,open,
SN-C4,Dismiss,window-nav,C1c,Click,B (same),"AT-11, C1c-3",open,
SN-C5,Scroll a long menu,window-nav,"C1c, C6a",Wheel,D-pad,AT-11b,open,
WN-C6,Open the menu of the thing I looked at,window-nav,"C1a, C1c",Click,☰ (same),"WN AT-26, AT-11",partial,C1a: AT-26
SY-S6,Settings dropdown values,window-nav,"C1c, C6a (list page)",Click,"A, Up/Down + A, B",SET T-MENU,open,
SM-D6,Downloads item Options (8),window-nav,"C1c, C7",Click (More circle),☰,AT-11b,open,
SN-T1,Read a notification (toast),window-nav,C3a,Look / hover,Look,AT-18,open,
SY-NO4,Read a toast (system audit),window-nav,C3a,Look / hover,Look,AT-18,open,
SY-NO5,SteamVR's own toasts,window-nav,C3a,Look,Look,AT-18,open,
SY-NO2,Read the list,window-nav,C3b,—,—,CC tests,open,
SN-W1,Move the window,window-nav,C1a,Drag (same),— (same),AT-17,open,
SN-W2,Resize the window,window-nav,C1a,Drag (same),— (same),AT-17,open,
SN-W3,Show/hide the keyboard,window-nav,C1a,Click,D-pad Down → Left/Right → A (same),AT-17 (look; never pressed),open,
SN-W4,Float in World / View in Theater,window-nav,C1a,Click,Same,AT-17 (look; never pressed),open,
SN-W5,"More Options › Curvature, Dock Left/Right",window-nav,C1a,Click,Same (SteamVR focus),AT-17 (static mock only),open,
SN-W6,Close (game frames),window-nav,C1a,Click,Same,AT-17 (look; never pressed),open,
SN-W7,Tooltips,window-nav,C1a,Hover,Focus,AT-17,open,
SN-W8,Gamepad-mode pill,window-nav,C1a,Click (enter variant),—,AT-17,open,
SN-W9,Now Playing frame,window-nav,C5b,Same,Same,GP AT-NP,open,
SN-W10,SteamVR Settings page,window-nav,C6b,Same,— (as today),SET T-VR,open,
